{"cameraMode":{"drawMode":0,"name":"Shaded","section":"Shading Mode"},"sceneLighting":true,"audioPlay":false,"sceneViewState":{"showFog":true,"showMaterialUpdate":false,"showSkybox":true,"showFlares":true,"showImageEffects":true,"showParticleSystems":true},"in2DMode":false,"pivot":{"x":20.820241928100587,"y":-18.15363311767578,"z":-12.220304489135743},"rotation":{"x":0.15801109373569489,"y":0.8239014148712158,"z":-0.27835458517074587,"w":0.4676959216594696},"size":20.18262481689453,"orthographic":false}