{"flags":[false,false],"playerPos":{"x":35.78010559082031,"y":-0.014999985694885254,"z":25.407163619995118},"playerRot":{"x":0.0,"y":0.0,"z":0.0,"w":1.0},"lastSceneName":"Station"}
