{"flags":[false],"playerPos":{"x":-2.808335065841675,"y":0.18499702215194703,"z":-7.849846839904785},"playerRot":{"x":0.0,"y":0.0,"z":0.0,"w":1.0},"lastSceneName":"City"}
