{"flags":[],"playerPos":{"x":-2.808626651763916,"y":0.18499702215194703,"z":-7.850560188293457},"playerRot":{"x":0.0,"y":0.0,"z":0.0,"w":1.0},"lastSceneName":"City"}
