{"flags":[false],"playerPos":{"x":10.527900695800782,"y":0.18500006198883058,"z":-3.934340000152588},"playerRot":{"x":0.0,"y":-0.039017412811517718,"z":0.0,"w":0.9992386102676392},"lastSceneName":"City"}
