{"flags":[false],"playerPos":{"x":-2.814772129058838,"y":0.18500012159347535,"z":-5.6906867027282719},"playerRot":{"x":0.0,"y":6.323427470533716e-8,"z":0.0,"w":1.0},"lastSceneName":"City"}
