{"cameraMode":{"drawMode":0,"name":"Shaded","section":"Shading Mode"},"sceneLighting":true,"audioPlay":false,"sceneViewState":{"showFog":true,"showMaterialUpdate":false,"showSkybox":true,"showFlares":true,"showImageEffects":true,"showParticleSystems":true},"in2DMode":false,"pivot":{"x":1.0771842002868653,"y":0.4854687750339508,"z":-0.15970095992088319},"rotation":{"x":0.011284828186035157,"y":0.957130491733551,"z":-0.28698569536209109,"w":0.03763500601053238},"size":3.160349130630493,"orthographic":false}