{"cameraMode":{"drawMode":0,"name":"Shaded","section":"Shading Mode"},"sceneLighting":false,"audioPlay":false,"sceneViewState":{"showFog":true,"showMaterialUpdate":false,"showSkybox":false,"showFlares":true,"showImageEffects":true,"showParticleSystems":true},"in2DMode":false,"pivot":{"x":-0.28612399101257326,"y":0.27470067143440249,"z":-0.14108332991600038},"rotation":{"x":0.1489264965057373,"y":0.8379838466644287,"z":-0.2817126512527466,"w":0.44299623370170596},"size":0.930604875087738,"orthographic":false}