{"cameraMode":{"drawMode":0,"name":"Shaded","section":"Shading Mode"},"sceneLighting":true,"audioPlay":false,"sceneViewState":{"showFog":true,"showMaterialUpdate":false,"showSkybox":true,"showFlares":true,"showImageEffects":true,"showParticleSystems":true},"in2DMode":false,"pivot":{"x":0.8016972541809082,"y":-1.2581467628479005,"z":4.151568412780762},"rotation":{"x":0.16535738110542298,"y":0.8245061039924622,"z":-0.44702038168907168,"w":0.30499309301376345},"size":7.357540130615234,"orthographic":false}