{"cameraMode":{"drawMode":0,"name":"Shaded","section":"Shading Mode"},"sceneLighting":false,"audioPlay":false,"sceneViewState":{"showFog":true,"showMaterialUpdate":false,"showSkybox":false,"showFlares":true,"showImageEffects":true,"showParticleSystems":true},"in2DMode":false,"pivot":{"x":-8.940696716308594e-8,"y":0.5474259257316589,"z":-0.05839237570762634},"rotation":{"x":0.011284828186035157,"y":0.957130491733551,"z":-0.28698569536209109,"w":0.03763500601053238},"size":0.6684612035751343,"orthographic":false}