{"cameraMode":{"drawMode":0,"name":"Shaded","section":"Shading Mode"},"sceneLighting":false,"audioPlay":false,"sceneViewState":{"showFog":true,"showMaterialUpdate":false,"showSkybox":false,"showFlares":true,"showImageEffects":true,"showParticleSystems":true},"in2DMode":false,"pivot":{"x":0.4486090838909149,"y":0.3488478660583496,"z":-0.7152384519577026},"rotation":{"x":0.08692113310098648,"y":0.8495052456855774,"z":-0.1480105221271515,"w":0.49888113141059878},"size":2.1306047439575197,"orthographic":false}