{"cameraMode":{"drawMode":0,"name":"Shaded","section":"Shading Mode"},"sceneLighting":true,"audioPlay":false,"sceneViewState":{"showFog":true,"showMaterialUpdate":false,"showSkybox":true,"showFlares":true,"showImageEffects":true,"showParticleSystems":true},"in2DMode":false,"pivot":{"x":-0.33307743072509768,"y":3.782318115234375,"z":-5.326178550720215},"rotation":{"x":0.011284828186035157,"y":0.957130491733551,"z":-0.28698569536209109,"w":0.03763500601053238},"size":5.193224906921387,"orthographic":false}