{"cameraMode":{"drawMode":0,"name":"Shaded","section":"Shading Mode"},"sceneLighting":false,"audioPlay":false,"sceneViewState":{"showFog":true,"showMaterialUpdate":false,"showSkybox":false,"showFlares":true,"showImageEffects":true,"showParticleSystems":true},"in2DMode":false,"pivot":{"x":0.2114584594964981,"y":0.36104920506477358,"z":1.276100754737854},"rotation":{"x":0.16535738110542298,"y":0.8245061039924622,"z":-0.44702038168907168,"w":0.30499309301376345},"size":0.6306048631668091,"orthographic":false}