{"cameraMode":{"drawMode":0,"name":"Shaded","section":"Shading Mode"},"sceneLighting":false,"audioPlay":false,"sceneViewState":{"showFog":true,"showMaterialUpdate":false,"showSkybox":false,"showFlares":true,"showImageEffects":true,"showParticleSystems":true},"in2DMode":false,"pivot":{"x":-0.5960000157356262,"y":0.6049996614456177,"z":0.0},"rotation":{"x":0.011284828186035157,"y":0.957130491733551,"z":-0.28698569536209109,"w":0.03763500601053238},"size":0.930604875087738,"orthographic":false}