{"cameraMode":{"drawMode":0,"name":"Shaded","section":"Shading Mode"},"sceneLighting":false,"audioPlay":false,"sceneViewState":{"showFog":true,"showMaterialUpdate":false,"showSkybox":false,"showFlares":true,"showImageEffects":true,"showParticleSystems":true},"in2DMode":false,"pivot":{"x":-0.5014923214912415,"y":1.0500028133392335,"z":-0.45144695043563845},"rotation":{"x":0.09557889401912689,"y":0.8993462920188904,"z":-0.34778985381126406,"w":0.24715426564216615},"size":1.3285534381866456,"orthographic":false}