{"cameraMode":{"drawMode":0,"name":"Shaded","section":"Shading Mode"},"sceneLighting":false,"audioPlay":false,"sceneViewState":{"showFog":true,"showMaterialUpdate":false,"showSkybox":false,"showFlares":true,"showImageEffects":true,"showParticleSystems":true},"in2DMode":false,"pivot":{"x":-1.223658561706543,"y":-2.904419422149658,"z":0.5609724521636963},"rotation":{"x":-0.2592313587665558,"y":-0.6457326412200928,"z":0.2483958750963211,"w":-0.6739879846572876},"size":9.012938499450684,"orthographic":false}