{"cameraMode":{"drawMode":0,"name":"Shaded","section":"Shading Mode"},"sceneLighting":false,"audioPlay":false,"sceneViewState":{"showFog":true,"showMaterialUpdate":false,"showSkybox":false,"showFlares":true,"showImageEffects":true,"showParticleSystems":true},"in2DMode":false,"pivot":{"x":-0.004414904862642288,"y":0.019575582817196847,"z":0.009645968675613404},"rotation":{"x":0.09557889401912689,"y":0.8993462920188904,"z":-0.34778985381126406,"w":0.24715426564216615},"size":0.08223560452461243,"orthographic":false}