{"cameraMode":{"drawMode":0,"name":"Shaded","section":"Shading Mode"},"sceneLighting":true,"audioPlay":false,"sceneViewState":{"showFog":true,"showMaterialUpdate":false,"showSkybox":true,"showFlares":true,"showImageEffects":true,"showParticleSystems":true},"in2DMode":false,"pivot":{"x":2.5620415210723879,"y":0.33937522768974306,"z":-0.024106042459607126},"rotation":{"x":-0.04879846051335335,"y":-0.7020190954208374,"z":0.048288777470588687,"w":-0.708932638168335},"size":1.530606985092163,"orthographic":false}