{"cameraMode":{"drawMode":0,"name":"Shaded","section":"Shading Mode"},"sceneLighting":false,"audioPlay":false,"sceneViewState":{"showFog":true,"showMaterialUpdate":false,"showSkybox":false,"showFlares":true,"showImageEffects":true,"showParticleSystems":true},"in2DMode":false,"pivot":{"x":0.05715079605579376,"y":-1.5087425708770753e-7,"z":0.47963613271713259},"rotation":{"x":0.002264008391648531,"y":0.9953562617301941,"z":-0.09314665198326111,"w":0.024192877113819124},"size":0.7456895709037781,"orthographic":false}