{"cameraMode":{"drawMode":0,"name":"Shaded","section":"Shading Mode"},"sceneLighting":false,"audioPlay":false,"sceneViewState":{"showFog":true,"showMaterialUpdate":false,"showSkybox":false,"showFlares":true,"showImageEffects":true,"showParticleSystems":true},"in2DMode":false,"pivot":{"x":0.7332667112350464,"y":1.0294071435928345,"z":0.01589667797088623},"rotation":{"x":0.1397196352481842,"y":0.8602736592292786,"z":-0.34460270404815676,"w":0.3487967252731323},"size":1.2227015495300294,"orthographic":false}