{"cameraMode":{"drawMode":0,"name":"Shaded","section":"Shading Mode"},"sceneLighting":false,"audioPlay":false,"sceneViewState":{"showFog":true,"showMaterialUpdate":false,"showSkybox":false,"showFlares":true,"showImageEffects":true,"showParticleSystems":true},"in2DMode":false,"pivot":{"x":-0.0001583099365234375,"y":7.460171699523926,"z":6.855594635009766},"rotation":{"x":-0.2067398726940155,"y":-0.6302631497383118,"z":0.17933492362499238,"w":-0.7266345024108887},"size":12.510980606079102,"orthographic":false}