{"cameraMode":{"drawMode":0,"name":"Shaded","section":"Shading Mode"},"sceneLighting":true,"audioPlay":false,"sceneViewState":{"showFog":true,"showMaterialUpdate":false,"showSkybox":true,"showFlares":true,"showImageEffects":true,"showParticleSystems":true},"in2DMode":false,"pivot":{"x":-4.289616107940674,"y":-0.20137810707092286,"z":21.020263671875},"rotation":{"x":-0.07192233204841614,"y":0.09440906345844269,"z":-0.006852371152490377,"w":-0.9929315447807312},"size":12.88033676147461,"orthographic":false}