{"cameraMode":{"drawMode":0,"name":"Shaded","section":"Shading Mode"},"sceneLighting":false,"audioPlay":false,"sceneViewState":{"showFog":true,"showMaterialUpdate":false,"showSkybox":false,"showFlares":true,"showImageEffects":true,"showParticleSystems":true},"in2DMode":false,"pivot":{"x":5.564404487609863,"y":7.03488826751709,"z":-4.260002136230469},"rotation":{"x":-0.1979392021894455,"y":-0.6091926097869873,"z":0.16056624054908753,"w":-0.751035749912262},"size":10.519481658935547,"orthographic":false}