{"cameraMode":{"drawMode":0,"name":"Shaded","section":"Shading Mode"},"sceneLighting":false,"audioPlay":false,"sceneViewState":{"showFog":true,"showMaterialUpdate":false,"showSkybox":false,"showFlares":true,"showImageEffects":true,"showParticleSystems":true},"in2DMode":false,"pivot":{"x":10.719339370727539,"y":0.6867973804473877,"z":2.5265562534332277},"rotation":{"x":-0.3314722776412964,"y":0.5646186470985413,"z":-0.2642080783843994,"w":-0.7082779407501221},"size":9.404533386230469,"orthographic":false}