{"cameraMode":{"drawMode":0,"name":"Shaded","section":"Shading Mode"},"sceneLighting":false,"audioPlay":false,"sceneViewState":{"showFog":true,"showMaterialUpdate":false,"showSkybox":false,"showFlares":true,"showImageEffects":true,"showParticleSystems":true},"in2DMode":false,"pivot":{"x":5.0462446212768559,"y":7.497323513031006,"z":3.9869184494018556},"rotation":{"x":-0.2067398726940155,"y":-0.6302631497383118,"z":0.17933492362499238,"w":-0.7266345024108887},"size":14.458581924438477,"orthographic":false}