{"cameraMode":{"drawMode":0,"name":"Shaded","section":"Shading Mode"},"sceneLighting":false,"audioPlay":false,"sceneViewState":{"showFog":true,"showMaterialUpdate":false,"showSkybox":false,"showFlares":true,"showImageEffects":true,"showParticleSystems":true},"in2DMode":false,"pivot":{"x":25.123077392578126,"y":14.575810432434082,"z":0.5667457580566406},"rotation":{"x":-0.2067398726940155,"y":-0.6302631497383118,"z":0.17933492362499238,"w":-0.7266345024108887},"size":45.902469635009769,"orthographic":false}