{"cameraMode":{"drawMode":0,"name":"Shaded","section":"Shading Mode"},"sceneLighting":false,"audioPlay":false,"sceneViewState":{"showFog":true,"showMaterialUpdate":false,"showSkybox":false,"showFlares":true,"showImageEffects":true,"showParticleSystems":true},"in2DMode":false,"pivot":{"x":-7.301054954528809,"y":-5.7574052810668949,"z":-6.441450595855713},"rotation":{"x":-0.3314722776412964,"y":0.5646186470985413,"z":-0.2642080783843994,"w":-0.7082779407501221},"size":10.53219223022461,"orthographic":false}