{"cameraMode":{"drawMode":0,"name":"Shaded","section":"Shading Mode"},"sceneLighting":true,"audioPlay":false,"sceneViewState":{"showFog":true,"showMaterialUpdate":false,"showSkybox":true,"showFlares":true,"showImageEffects":true,"showParticleSystems":true},"in2DMode":false,"pivot":{"x":-5.001039505004883,"y":-74.30873107910156,"z":11.808538436889649},"rotation":{"x":0.6729840040206909,"y":0.011339225806295872,"z":-0.010266140103340149,"w":0.7395484447479248},"size":58.9754524230957,"orthographic":false}