{"cameraMode":{"drawMode":0,"name":"Shaded","section":"Shading Mode"},"sceneLighting":false,"audioPlay":false,"sceneViewState":{"showFog":true,"showMaterialUpdate":false,"showSkybox":false,"showFlares":true,"showImageEffects":true,"showParticleSystems":true},"in2DMode":false,"pivot":{"x":-0.043991923332214358,"y":0.4954689145088196,"z":-0.08102801442146301},"rotation":{"x":-0.007744160480797291,"y":0.9915872812271118,"z":-0.10782039910554886,"w":-0.07121792435646057},"size":1.097385048866272,"orthographic":false}