{"cameraMode":{"drawMode":0,"name":"Shaded","section":"Shading Mode"},"sceneLighting":false,"audioPlay":false,"sceneViewState":{"showFog":true,"showMaterialUpdate":false,"showSkybox":false,"showFlares":true,"showImageEffects":true,"showParticleSystems":true},"in2DMode":false,"pivot":{"x":0.0000016689300537109376,"y":0.14999976754188538,"z":7.152557373046875e-7},"rotation":{"x":-0.5097355246543884,"y":-0.030095521360635759,"z":0.01785171404480934,"w":-0.8596961498260498},"size":1.4150989055633546,"orthographic":false}