{"cameraMode":{"drawMode":0,"name":"Shaded","section":"Shading Mode"},"sceneLighting":false,"audioPlay":false,"sceneViewState":{"showFog":true,"showMaterialUpdate":false,"showSkybox":false,"showFlares":true,"showImageEffects":true,"showParticleSystems":true},"in2DMode":false,"pivot":{"x":-0.7360906600952148,"y":5.572179317474365,"z":0.5447595119476318},"rotation":{"x":-0.2067398726940155,"y":-0.6302631497383118,"z":0.17933492362499238,"w":-0.7266345024108887},"size":12.279579162597657,"orthographic":false}