{"cameraMode":{"drawMode":0,"name":"Shaded","section":"Shading Mode"},"sceneLighting":false,"audioPlay":false,"sceneViewState":{"showFog":true,"showMaterialUpdate":false,"showSkybox":false,"showFlares":true,"showImageEffects":true,"showParticleSystems":true},"in2DMode":false,"pivot":{"x":-0.05000000819563866,"y":0.5000025629997253,"z":-0.49999985098838808},"rotation":{"x":0.09557889401912689,"y":0.8993462920188904,"z":-0.34778985381126406,"w":0.24715426564216615},"size":0.7088741064071655,"orthographic":false}