{"cameraMode":{"drawMode":0,"name":"Shaded","section":"Shading Mode"},"sceneLighting":false,"audioPlay":false,"sceneViewState":{"showFog":true,"showMaterialUpdate":false,"showSkybox":false,"showFlares":true,"showImageEffects":true,"showParticleSystems":true},"in2DMode":false,"pivot":{"x":4.965090274810791,"y":0.9048154950141907,"z":-3.3889212608337404},"rotation":{"x":-0.003956830129027367,"y":0.9753386974334717,"z":-0.22016514837741853,"w":-0.017540106549859048},"size":1.1871845722198487,"orthographic":false}