{"cameraMode":{"drawMode":0,"name":"Shaded","section":"Shading Mode"},"sceneLighting":false,"audioPlay":false,"sceneViewState":{"showFog":true,"showMaterialUpdate":false,"showSkybox":false,"showFlares":true,"showImageEffects":true,"showParticleSystems":true},"in2DMode":false,"pivot":{"x":0.0000016689300537109376,"y":0.14999976754188538,"z":7.152557373046875e-7},"rotation":{"x":-0.46381455659866335,"y":-0.046211615204811099,"z":0.02421366609632969,"w":-0.8844144940376282},"size":3.2150986194610597,"orthographic":false}