{"cameraMode":{"drawMode":0,"name":"Shaded","section":"Shading Mode"},"sceneLighting":false,"audioPlay":false,"sceneViewState":{"showFog":true,"showMaterialUpdate":false,"showSkybox":false,"showFlares":true,"showImageEffects":true,"showParticleSystems":true},"in2DMode":false,"pivot":{"x":1.024999976158142,"y":0.45000001788139346,"z":0.0},"rotation":{"x":-0.05963967740535736,"y":0.03447401896119118,"z":-0.001849201857112348,"w":-0.9977298378944397},"size":1.0380750894546509,"orthographic":false}