{"cameraMode":{"drawMode":0,"name":"Shaded","section":"Shading Mode"},"sceneLighting":false,"audioPlay":false,"sceneViewState":{"showFog":true,"showMaterialUpdate":false,"showSkybox":false,"showFlares":true,"showImageEffects":true,"showParticleSystems":true},"in2DMode":false,"pivot":{"x":-0.1999991536140442,"y":0.5499996542930603,"z":-0.9999996423721314},"rotation":{"x":0.09557889401912689,"y":0.8993462920188904,"z":-0.34778985381126406,"w":0.24715426564216615},"size":1.180042028427124,"orthographic":false}