{"cameraMode":{"drawMode":0,"name":"Shaded","section":"Shading Mode"},"sceneLighting":true,"audioPlay":false,"sceneViewState":{"showFog":true,"showMaterialUpdate":false,"showSkybox":true,"showFlares":true,"showImageEffects":true,"showParticleSystems":true},"in2DMode":false,"pivot":{"x":0.0,"y":1.1700000762939454,"z":-6.889999866485596},"rotation":{"x":0.0037122219800949098,"y":0.9898940920829773,"z":-0.13960807025432588,"w":0.02645319141447544},"size":7.521014213562012,"orthographic":false}