{"cameraMode":{"drawMode":0,"name":"Shaded","section":"Shading Mode"},"sceneLighting":false,"audioPlay":false,"sceneViewState":{"showFog":true,"showMaterialUpdate":false,"showSkybox":false,"showFlares":true,"showImageEffects":true,"showParticleSystems":true},"in2DMode":false,"pivot":{"x":1.4261841773986817,"y":0.4854687750339508,"z":0.43529900908470156},"rotation":{"x":-0.02982640080153942,"y":0.9672969579696655,"z":-0.13612546026706696,"w":-0.2119421809911728},"size":1.1025819778442383,"orthographic":false}