{"cameraMode":{"drawMode":0,"name":"Shaded","section":"Shading Mode"},"sceneLighting":false,"audioPlay":false,"sceneViewState":{"showFog":true,"showMaterialUpdate":false,"showSkybox":false,"showFlares":true,"showImageEffects":true,"showParticleSystems":true},"in2DMode":false,"pivot":{"x":-0.3570222854614258,"y":4.867941379547119,"z":-0.07288193702697754},"rotation":{"x":-0.2067398726940155,"y":-0.6302631497383118,"z":0.17933492362499238,"w":-0.7266345024108887},"size":6.910683631896973,"orthographic":false}