{"cameraMode":{"drawMode":0,"name":"Shaded","section":"Shading Mode"},"sceneLighting":false,"audioPlay":false,"sceneViewState":{"showFog":true,"showMaterialUpdate":false,"showSkybox":false,"showFlares":true,"showImageEffects":true,"showParticleSystems":true},"in2DMode":false,"pivot":{"x":10.626994132995606,"y":9.94338321685791,"z":-3.3314805030822756},"rotation":{"x":-0.1979392021894455,"y":-0.6091926097869873,"z":0.16056624054908753,"w":-0.751035749912262},"size":15.809277534484864,"orthographic":false}