{"cameraMode":{"drawMode":0,"name":"Shaded","section":"Shading Mode"},"sceneLighting":true,"audioPlay":false,"sceneViewState":{"showFog":true,"showMaterialUpdate":false,"showSkybox":true,"showFlares":true,"showImageEffects":true,"showParticleSystems":true},"in2DMode":false,"pivot":{"x":-15.790969848632813,"y":-36.74456024169922,"z":5.331782817840576},"rotation":{"x":0.34246355295181277,"y":-0.6548423767089844,"z":0.43827295303344729,"w":0.5116885304450989},"size":38.576839447021487,"orthographic":false}