{"cameraMode":{"drawMode":0,"name":"Shaded","section":"Shading Mode"},"sceneLighting":true,"audioPlay":false,"sceneViewState":{"showFog":true,"showMaterialUpdate":false,"showSkybox":true,"showFlares":true,"showImageEffects":true,"showParticleSystems":true},"in2DMode":false,"pivot":{"x":-30.044574737548829,"y":-17.384450912475587,"z":6.2881879806518559},"rotation":{"x":-0.36543789505958559,"y":-0.5692571401596069,"z":0.31300607323646548,"w":-0.6668545007705689},"size":28.051807403564454,"orthographic":false}